-- Deleting all existing data to ensure a clean slate
DELETE FROM gate;
DELETE FROM project;

-- === COMPLETED PROJECTS (8) ===
INSERT INTO project (id, title, research_question, status, start_date) VALUES
('00000000-0000-0001-0001-000000000001', 'Completed Project 1', 'Research question for completed project 1', 'COMPLETED', '2023-01-01'),
('00000000-0000-0001-0001-000000000002', 'Completed Project 2', 'Research question for completed project 2', 'COMPLETED', '2023-01-02'),
('00000000-0000-0001-0001-000000000003', 'Completed Project 3', 'Research question for completed project 3', 'COMPLETED', '2023-01-03'),
('00000000-0000-0001-0001-000000000004', 'Completed Project 4', 'Research question for completed project 4', 'COMPLETED', '2023-01-04'),
('00000000-0000-0001-0001-000000000005', 'Completed Project 5', 'Research question for completed project 5', 'COMPLETED', '2023-01-05'),
('00000000-0000-0001-0001-000000000006', 'Completed Project 6', 'Research question for completed project 6', 'COMPLETED', '2023-01-06'),
('00000000-0000-0001-0001-000000000007', 'Completed Project 7', 'Research question for completed project 7', 'COMPLETED', '2023-01-07'),
('00000000-0000-0001-0001-000000000008', 'Completed Project 8', 'Research question for completed project 8', 'COMPLETED', '2023-01-08');

INSERT INTO gate (id, project_id, number, name, is_approved) VALUES
(RANDOM_UUID(), '00000000-0000-0001-0001-000000000001', 1, 'GATE_1', true), (RANDOM_UUID(), '00000000-0000-0001-0001-000000000001', 2, 'GATE_2', true), (RANDOM_UUID(), '00000000-0000-0001-0001-000000000001', 3, 'GATE_3', true), (RANDOM_UUID(), '00000000-0000-0001-0001-000000000001', 4, 'GATE_4', true), (RANDOM_UUID(), '00000000-0000-0001-0001-000000000001', 5, 'GATE_5', true), (RANDOM_UUID(), '00000000-0000-0001-0001-000000000001', 6, 'GATE_6', true),
(RANDOM_UUID(), '00000000-0000-0001-0001-000000000002', 1, 'GATE_1', true), (RANDOM_UUID(), '00000000-0000-0001-0001-000000000002', 2, 'GATE_2', true), (RANDOM_UUID(), '00000000-0000-0001-0001-000000000002', 3, 'GATE_3', true), (RANDOM_UUID(), '00000000-0000-0001-0001-000000000002', 4, 'GATE_4', true), (RANDOM_UUID(), '00000000-0000-0001-0001-000000000002', 5, 'GATE_5', true), (RANDOM_UUID(), '00000000-0000-0001-0001-000000000002', 6, 'GATE_6', true),
(RANDOM_UUID(), '00000000-0000-0001-0001-000000000003', 1, 'GATE_1', true), (RANDOM_UUID(), '00000000-0000-0001-0001-000000000003', 2, 'GATE_2', true), (RANDOM_UUID(), '00000000-0000-0001-0001-000000000003', 3, 'GATE_3', true), (RANDOM_UUID(), '00000000-0000-0001-0001-000000000003', 4, 'GATE_4', true), (RANDOM_UUID(), '00000000-0000-0001-0001-000000000003', 5, 'GATE_5', true), (RANDOM_UUID(), '00000000-0000-0001-0001-000000000003', 6, 'GATE_6', true),
(RANDOM_UUID(), '00000000-0000-0001-0001-000000000004', 1, 'GATE_1', true), (RANDOM_UUID(), '00000000-0000-0001-0001-000000000004', 2, 'GATE_2', true), (RANDOM_UUID(), '00000000-0000-0001-0001-000000000004', 3, 'GATE_3', true), (RANDOM_UUID(), '00000000-0000-0001-0001-000000000004', 4, 'GATE_4', true), (RANDOM_UUID(), '00000000-0000-0001-0001-000000000004', 5, 'GATE_5', true), (RANDOM_UUID(), '00000000-0000-0001-0001-000000000004', 6, 'GATE_6', true),
(RANDOM_UUID(), '00000000-0000-0001-0001-000000000005', 1, 'GATE_1', true), (RANDOM_UUID(), '00000000-0000-0001-0001-000000000005', 2, 'GATE_2', true), (RANDOM_UUID(), '00000000-0000-0001-0001-000000000005', 3, 'GATE_3', true), (RANDOM_UUID(), '00000000-0000-0001-0001-000000000005', 4, 'GATE_4', true), (RANDOM_UUID(), '00000000-0000-0001-0001-000000000005', 5, 'GATE_5', true), (RANDOM_UUID(), '00000000-0000-0001-0001-000000000005', 6, 'GATE_6', true),
(RANDOM_UUID(), '00000000-0000-0001-0001-000000000006', 1, 'GATE_1', true), (RANDOM_UUID(), '00000000-0000-0001-0001-000000000006', 2, 'GATE_2', true), (RANDOM_UUID(), '00000000-0000-0001-0001-000000000006', 3, 'GATE_3', true), (RANDOM_UUID(), '00000000-0000-0001-0001-000000000006', 4, 'GATE_4', true), (RANDOM_UUID(), '00000000-0000-0001-0001-000000000006', 5, 'GATE_5', true), (RANDOM_UUID(), '00000000-0000-0001-0001-000000000006', 6, 'GATE_6', true),
(RANDOM_UUID(), '00000000-0000-0001-0001-000000000007', 1, 'GATE_1', true), (RANDOM_UUID(), '00000000-0000-0001-0001-000000000007', 2, 'GATE_2', true), (RANDOM_UUID(), '00000000-0000-0001-0001-000000000007', 3, 'GATE_3', true), (RANDOM_UUID(), '00000000-0000-0001-0001-000000000007', 4, 'GATE_4', true), (RANDOM_UUID(), '00000000-0000-0001-0001-000000000007', 5, 'GATE_5', true), (RANDOM_UUID(), '00000000-0000-0001-0001-000000000007', 6, 'GATE_6', true),
(RANDOM_UUID(), '00000000-0000-0001-0001-000000000008', 1, 'GATE_1', true), (RANDOM_UUID(), '00000000-0000-0001-0001-000000000008', 2, 'GATE_2', true), (RANDOM_UUID(), '00000000-0000-0001-0001-000000000008', 3, 'GATE_3', true), (RANDOM_UUID(), '00000000-0000-0001-0001-000000000008', 4, 'GATE_4', true), (RANDOM_UUID(), '00000000-0000-0001-0001-000000000008', 5, 'GATE_5', true), (RANDOM_UUID(), '00000000-0000-0001-0001-000000000008', 6, 'GATE_6', true);

-- === CANCELLED PROJECTS (2) ===
INSERT INTO project (id, title, research_question, status, start_date) VALUES
('00000000-0000-0001-0002-000000000001', 'Cancelled Project 1', 'Research question for cancelled project 1', 'CANCELLED', '2023-02-01'),
('00000000-0000-0001-0002-000000000002', 'Cancelled Project 2', 'Research question for cancelled project 2', 'CANCELLED', '2023-02-02');

-- === IN_PROGRESS PROJECTS (40) ===

-- GATE 1 (3 Projects)
INSERT INTO project (id, title, research_question, status, start_date) VALUES
('00000000-0000-0001-0003-000000000001', 'In-Progress G1 Project 1 (Late)', 'RQ G1P1', 'IN_PROGRESS', '2024-03-01'),
('00000000-0000-0001-0003-000000000002', 'In-Progress G1 Project 2 (Soon)', 'RQ G1P2', 'IN_PROGRESS', '2024-03-02'),
('00000000-0000-0001-0003-000000000003', 'In-Progress G1 Project 3 (Later)', 'RQ G1P3', 'IN_PROGRESS', '2024-03-03');

INSERT INTO gate (id, project_id, number, name, is_approved, due_date) VALUES
(RANDOM_UUID(), '00000000-0000-0001-0003-000000000001', 1, 'GATE_1', false, DATEADD('DAY', -10, CURRENT_DATE)),
(RANDOM_UUID(), '00000000-0000-0001-0003-000000000002', 1, 'GATE_1', false, DATEADD('DAY', 5, CURRENT_DATE)),
(RANDOM_UUID(), '00000000-0000-0001-0003-000000000003', 1, 'GATE_1', false, DATEADD('DAY', 20, CURRENT_DATE));

-- GATE 2 (7 Projects)
INSERT INTO project (id, title, research_question, status, start_date) VALUES
('00000000-0000-0001-0004-000000000001', 'In-Progress G2 Project 1 (Late)', 'RQ G2P1', 'IN_PROGRESS', '2024-02-01'),
('00000000-0000-0001-0004-000000000002', 'In-Progress G2 Project 2 (Late)', 'RQ G2P2', 'IN_PROGRESS', '2024-02-02'),
('00000000-0000-0001-0004-000000000003', 'In-Progress G2 Project 3 (Soon)', 'RQ G2P3', 'IN_PROGRESS', '2024-02-03'),
('00000000-0000-0001-0004-000000000004', 'In-Progress G2 Project 4 (Soon)', 'RQ G2P4', 'IN_PROGRESS', '2024-02-04'),
('00000000-0000-0001-0004-000000000005', 'In-Progress G2 Project 5 (Soon)', 'RQ G2P5', 'IN_PROGRESS', '2024-02-05'),
('00000000-0000-0001-0004-000000000006', 'In-Progress G2 Project 6 (Later)', 'RQ G2P6', 'IN_PROGRESS', '2024-02-06'),
('00000000-0000-0001-0004-000000000007', 'In-Progress G2 Project 7 (Later)', 'RQ G2P7', 'IN_PROGRESS', '2024-02-07');

INSERT INTO gate (id, project_id, number, name, is_approved, due_date) VALUES
(RANDOM_UUID(), '00000000-0000-0001-0004-000000000001', 1, 'GATE_1', true, '2024-03-01'), (RANDOM_UUID(), '00000000-0000-0001-0004-000000000001', 2, 'GATE_2', false, DATEADD('DAY', -5, CURRENT_DATE)),
(RANDOM_UUID(), '00000000-0000-0001-0004-000000000002', 1, 'GATE_1', true, '2024-03-01'), (RANDOM_UUID(), '00000000-0000-0001-0004-000000000002', 2, 'GATE_2', false, DATEADD('DAY', -3, CURRENT_DATE)),
(RANDOM_UUID(), '00000000-0000-0001-0004-000000000003', 1, 'GATE_1', true, '2024-03-01'), (RANDOM_UUID(), '00000000-0000-0001-0004-000000000003', 2, 'GATE_2', false, DATEADD('DAY', 2, CURRENT_DATE)),
(RANDOM_UUID(), '00000000-0000-0001-0004-000000000004', 1, 'GATE_1', true, '2024-03-01'), (RANDOM_UUID(), '00000000-0000-0001-0004-000000000004', 2, 'GATE_2', false, DATEADD('DAY', 4, CURRENT_DATE)),
(RANDOM_UUID(), '00000000-0000-0001-0004-000000000005', 1, 'GATE_1', true, '2024-03-01'), (RANDOM_UUID(), '00000000-0000-0001-0004-000000000005', 2, 'GATE_2', false, DATEADD('DAY', 6, CURRENT_DATE)),
(RANDOM_UUID(), '00000000-0000-0001-0004-000000000006', 1, 'GATE_1', true, '2024-03-01'), (RANDOM_UUID(), '00000000-0000-0001-0004-000000000006', 2, 'GATE_2', false, DATEADD('DAY', 15, CURRENT_DATE)),
(RANDOM_UUID(), '00000000-0000-0001-0004-000000000007', 1, 'GATE_1', true, '2024-03-01'), (RANDOM_UUID(), '00000000-0000-0001-0004-000000000007', 2, 'GATE_2', false, DATEADD('DAY', 30, CURRENT_DATE));

-- GATE 3 (20 Projects)
INSERT INTO project (id, title, research_question, status, start_date) SELECT RANDOM_UUID(), 'In-Progress G3-Late Project ' || X, 'RQ G3-Late ' || X, 'IN_PROGRESS', '2024-01-01' FROM generate_series(1, 7);
INSERT INTO gate (id, project_id, number, name, is_approved) SELECT RANDOM_UUID(), p.id, 1, 'GATE_1', true FROM project p WHERE p.title LIKE 'In-Progress G3-Late%';
INSERT INTO gate (id, project_id, number, name, is_approved) SELECT RANDOM_UUID(), p.id, 2, 'GATE_2', true FROM project p WHERE p.title LIKE 'In-Progress G3-Late%';
INSERT INTO gate (id, project_id, number, name, is_approved, due_date) SELECT RANDOM_UUID(), p.id, 3, 'GATE_3', false, DATEADD('DAY', -15, CURRENT_DATE) FROM project p WHERE p.title LIKE 'In-Progress G3-Late%';

INSERT INTO project (id, title, research_question, status, start_date) SELECT RANDOM_UUID(), 'In-Progress G3-Soon Project ' || X, 'RQ G3-Soon ' || X, 'IN_PROGRESS', '2024-01-01' FROM generate_series(1, 8);
INSERT INTO gate (id, project_id, number, name, is_approved) SELECT RANDOM_UUID(), p.id, 1, 'GATE_1', true FROM project p WHERE p.title LIKE 'In-Progress G3-Soon%';
INSERT INTO gate (id, project_id, number, name, is_approved) SELECT RANDOM_UUID(), p.id, 2, 'GATE_2', true FROM project p WHERE p.title LIKE 'In-Progress G3-Soon%';
INSERT INTO gate (id, project_id, number, name, is_approved, due_date) SELECT RANDOM_UUID(), p.id, 3, 'GATE_3', false, DATEADD('DAY', 4, CURRENT_DATE) FROM project p WHERE p.title LIKE 'In-Progress G3-Soon%';

INSERT INTO project (id, title, research_question, status, start_date) SELECT RANDOM_UUID(), 'In-Progress G3-Later Project ' || X, 'RQ G3-Later ' || X, 'IN_PROGRESS', '2024-01-01' FROM generate_series(1, 5);
INSERT INTO gate (id, project_id, number, name, is_approved) SELECT RANDOM_UUID(), p.id, 1, 'GATE_1', true FROM project p WHERE p.title LIKE 'In-Progress G3-Later%';
INSERT INTO gate (id, project_id, number, name, is_approved) SELECT RANDOM_UUID(), p.id, 2, 'GATE_2', true FROM project p WHERE p.title LIKE 'In-Progress G3-Later%';
INSERT INTO gate (id, project_id, number, name, is_approved, due_date) SELECT RANDOM_UUID(), p.id, 3, 'GATE_3', false, DATEADD('DAY', 40, CURRENT_DATE) FROM project p WHERE p.title LIKE 'In-Progress G3-Later%';

-- GATE 4 (1 Project)
INSERT INTO project (id, title, research_question, status, start_date) VALUES ('00000000-0000-0001-0006-000000000001', 'In-Progress G4 Project 1 (Soon)', 'RQ G4P1', 'IN_PROGRESS', '2023-12-01');
INSERT INTO gate (id, project_id, number, name, is_approved, due_date) VALUES
(RANDOM_UUID(), '00000000-0000-0001-0006-000000000001', 1, 'GATE_1', true, '2024-01-01'),
(RANDOM_UUID(), '00000000-0000-0001-0006-000000000001', 2, 'GATE_2', true, '2024-02-01'),
(RANDOM_UUID(), '00000000-0000-0001-0006-000000000001', 3, 'GATE_3', true, '2024-03-01'),
(RANDOM_UUID(), '00000000-0000-0001-0006-000000000001', 4, 'GATE_4', false, DATEADD('DAY', 2, CURRENT_DATE));

-- GATE 5 (4 Projects)
INSERT INTO project (id, title, research_question, status, start_date) VALUES
('00000000-0000-0001-0007-000000000001', 'In-Progress G5 Project 1 (Late)', 'RQ G5P1', 'IN_PROGRESS', '2023-11-01'),
('00000000-0000-0001-0007-000000000002', 'In-Progress G5 Project 2 (Soon)', 'RQ G5P2', 'IN_PROGRESS', '2023-11-01'),
('00000000-0000-0001-0007-000000000003', 'In-Progress G5 Project 3 (Soon)', 'RQ G5P3', 'IN_PROGRESS', '2023-11-01'),
('00000000-0000-0001-0007-000000000004', 'In-Progress G5 Project 4 (Later)', 'RQ G5P4', 'IN_PROGRESS', '2023-11-01');
INSERT INTO gate (id, project_id, number, name, is_approved, due_date) VALUES
(RANDOM_UUID(), '00000000-0000-0001-0007-000000000001', 1, 'GATE_1', true, '2023-12-01'), (RANDOM_UUID(), '00000000-0000-0001-0007-000000000001', 2, 'GATE_2', true, '2024-01-01'), (RANDOM_UUID(), '00000000-0000-0001-0007-000000000001', 3, 'GATE_3', true, '2024-02-01'), (RANDOM_UUID(), '00000000-0000-0001-0007-000000000001', 4, 'GATE_4', true, '2024-03-01'), (RANDOM_UUID(), '00000000-0000-0001-0007-000000000001', 5, 'GATE_5', false, DATEADD('DAY', -20, CURRENT_DATE)),
(RANDOM_UUID(), '00000000-0000-0001-0007-000000000002', 1, 'GATE_1', true, '2023-12-01'), (RANDOM_UUID(), '00000000-0000-0001-0007-000000000002', 2, 'GATE_2', true, '2024-01-01'), (RANDOM_UUID(), '00000000-0000-0001-0007-000000000002', 3, 'GATE_3', true, '2024-02-01'), (RANDOM_UUID(), '00000000-0000-0001-0007-000000000002', 4, 'GATE_4', true, '2024-03-01'), (RANDOM_UUID(), '00000000-0000-0001-0007-000000000002', 5, 'GATE_5', false, DATEADD('DAY', 3, CURRENT_DATE)),
(RANDOM_UUID(), '00000000-0000-0001-0007-000000000003', 1, 'GATE_1', true, '2023-12-01'), (RANDOM_UUID(), '00000000-0000-0001-0007-000000000003', 2, 'GATE_2', true, '2024-01-01'), (RANDOM_UUID(), '00000000-0000-0001-0007-000000000003', 3, 'GATE_3', true, '2024-02-01'), (RANDOM_UUID(), '00000000-0000-0001-0007-000000000003', 4, 'GATE_4', true, '2024-03-01'), (RANDOM_UUID(), '00000000-0000-0001-0007-000000000003', 5, 'GATE_5', false, DATEADD('DAY', 6, CURRENT_DATE)),
(RANDOM_UUID(), '00000000-0000-0001-0007-000000000004', 1, 'GATE_1', true, '2023-12-01'), (RANDOM_UUID(), '00000000-0000-0001-0007-000000000004', 2, 'GATE_2', true, '2024-01-01'), (RANDOM_UUID(), '00000000-0000-0001-0007-000000000004', 3, 'GATE_3', true, '2024-02-01'), (RANDOM_UUID(), '00000000-0000-0001-0007-000000000004', 4, 'GATE_4', true, '2024-03-01'), (RANDOM_UUID(), '00000000-0000-0001-0007-000000000004', 5, 'GATE_5', false, DATEADD('DAY', 25, CURRENT_DATE));

-- GATE 6 (5 Projects)
INSERT INTO project (id, title, research_question, status, start_date) VALUES
('00000000-0000-0001-0008-000000000001', 'In-Progress G6 Project 1 (Late)', 'RQ G6P1', 'IN_PROGRESS', '2023-10-01'),
('00000000-0000-0001-0008-000000000002', 'In-Progress G6 Project 2 (Late)', 'RQ G6P2', 'IN_PROGRESS', '2023-10-01'),
('00000000-0000-0001-0008-000000000003', 'In-Progress G6 Project 3 (Soon)', 'RQ G6P3', 'IN_PROGRESS', '2023-10-01'),
('00000000-0000-0001-0008-000000000004', 'In-Progress G6 Project 4 (Later)', 'RQ G6P4', 'IN_PROGRESS', '2023-10-01'),
('00000000-0000-0001-0008-000000000005', 'In-Progress G6 Project 5 (Later)', 'RQ G6P5', 'IN_PROGRESS', '2023-10-01');
INSERT INTO gate (id, project_id, number, name, is_approved, due_date) VALUES
(RANDOM_UUID(), '00000000-0000-0001-0008-000000000001', 1, 'GATE_1', true, '2023-11-01'), (RANDOM_UUID(), '00000000-0000-0001-0008-000000000001', 2, 'GATE_2', true, '2023-12-01'), (RANDOM_UUID(), '00000000-0000-0001-0008-000000000001', 3, 'GATE_3', true, '2024-01-01'), (RANDOM_UUID(), '00000000-0000-0001-0008-000000000001', 4, 'GATE_4', true, '2024-02-01'), (RANDOM_UUID(), '00000000-0000-0001-0008-000000000001', 5, 'GATE_5', true, '2024-03-01'), (RANDOM_UUID(), '00000000-0000-0001-0008-000000000001', 6, 'GATE_6', false, DATEADD('DAY', -3, CURRENT_DATE)),
(RANDOM_UUID(), '00000000-0000-0001-0008-000000000002', 1, 'GATE_1', true, '2023-11-01'), (RANDOM_UUID(), '00000000-0000-0001-0008-000000000002', 2, 'GATE_2', true, '2023-12-01'), (RANDOM_UUID(), '00000000-0000-0001-0008-000000000002', 3, 'GATE_3', true, '2024-01-01'), (RANDOM_UUID(), '00000000-0000-0001-0008-000000000002', 4, 'GATE_4', true, '2024-02-01'), (RANDOM_UUID(), '00000000-0000-0001-0008-000000000002', 5, 'GATE_5', true, '2024-03-01'), (RANDOM_UUID(), '00000000-0000-0001-0008-000000000002', 6, 'GATE_6', false, DATEADD('DAY', -1, CURRENT_DATE)),
(RANDOM_UUID(), '00000000-0000-0001-0008-000000000003', 1, 'GATE_1', true, '2023-11-01'), (RANDOM_UUID(), '00000000-0000-0001-0008-000000000003', 2, 'GATE_2', true, '2023-12-01'), (RANDOM_UUID(), '00000000-0000-0001-0008-000000000003', 3, 'GATE_3', true, '2024-01-01'), (RANDOM_UUID(), '00000000-0000-0001-0008-000000000003', 4, 'GATE_4', true, '2024-02-01'), (RANDOM_UUID(), '00000000-0000-0001-0008-000000000003', 5, 'GATE_5', true, '2024-03-01'), (RANDOM_UUID(), '00000000-0000-0001-0008-000000000003', 6, 'GATE_6', false, DATEADD('DAY', 1, CURRENT_DATE)),
(RANDOM_UUID(), '00000000-0000-0001-0008-000000000004', 1, 'GATE_1', true, '2023-11-01'), (RANDOM_UUID(), '00000000-0000-0001-0008-000000000004', 2, 'GATE_2', true, '2023-12-01'), (RANDOM_UUID(), '00000000-0000-0001-0008-000000000004', 3, 'GATE_3', true, '2024-01-01'), (RANDOM_UUID(), '00000000-0000-0001-0008-000000000004', 4, 'GATE_4', true, '2024-02-01'), (RANDOM_UUID(), '00000000-0000-0001-0008-000000000004', 5, 'GATE_5', true, '2024-03-01'), (RANDOM_UUID(), '00000000-0000-0001-0008-000000000004', 6, 'GATE_6', false, DATEADD('DAY', 15, CURRENT_DATE)),
(RANDOM_UUID(), '00000000-0000-0001-0008-000000000005', 1, 'GATE_1', true, '2023-11-01'), (RANDOM_UUID(), '00000000-0000-0001-0008-000000000005', 2, 'GATE_2', true, '2023-12-01'), (RANDOM_UUID(), '00000000-0000-0001-0008-000000000005', 3, 'GATE_3', true, '2024-01-01'), (RANDOM_UUID(), '00000000-0000-0001-0008-000000000005', 4, 'GATE_4', true, '2024-02-01'), (RANDOM_UUID(), '00000000-0000-0001-0008-000000000005', 5, 'GATE_5', true, '2024-03-01'), (RANDOM_UUID(), '00000000-0000-0001-0008-000000000005', 6, 'GATE_6', false, DATEADD('DAY', 18, CURRENT_DATE));

-- === USERS ===
INSERT INTO app_user (id, name, email, type) VALUES
('00000000-0000-0000-0000-000000000001', 'Coordinator User', 'coordinator@ufg.br', 'COORDINATOR'),
('00000000-2222-0000-0000-000000000002', 'Professor 1', 'professor1@ufg.br', 'PROFESSOR'),
('00000000-2222-0000-0000-000000000003', 'Professor 2', 'professor2@ufg.br', 'PROFESSOR');

-- Assign a student to each project
INSERT INTO app_user (id, name, email, type, project_id)
SELECT
    RANDOM_UUID(),
    'Student for ' || p.title,
    'student.' || REPLACE(LOWER(p.title), ' ', '') || '@ufg.br',
    'STUDENT',
    p.id
FROM project p;

-- === MEETINGS AND MEETING REPORTS ===

-- Meeting for a project in Gate 1, scheduled
INSERT INTO meeting (id, project_id, professor_id, schedule_date, type, status, stage_gate_number) VALUES
('00000000-0000-0002-0001-000000000001', '00000000-0000-0001-0003-000000000002', '00000000-2222-0000-0000-000000000002', DATEADD('DAY', 3, CURRENT_DATE), 'GATE', 'SCHEDULED', 1);

-- Meeting for a project in Gate 2, completed and approved
INSERT INTO meeting (id, project_id, professor_id, schedule_date, type, status, stage_gate_number) VALUES
('00000000-0000-0002-0001-000000000002', '00000000-0000-0001-0004-000000000003', '00000000-2222-0000-0000-000000000002', DATEADD('HOUR', -12, CURRENT_TIMESTAMP), 'GATE', 'SCHEDULED', 2);
INSERT INTO meeting_report (id, meeting_id, feedback, report_date, gate_result) VALUES
(RANDOM_UUID(), '00000000-0000-0002-0001-000000000002', 'Excellent progress, gate 2 approved.', CURRENT_DATE, 'APPROVED');

-- Meeting for a project in Gate 3, completed and rejected
INSERT INTO meeting (id, project_id, professor_id, schedule_date, type, status, stage_gate_number) VALUES
('00000000-0000-0002-0001-000000000003', (SELECT id FROM project WHERE title = 'In-Progress G3-Late Project 1'), '00000000-2222-0000-0000-000000000002', DATEADD('DAY', -5, CURRENT_DATE), 'GATE', 'SCHEDULED', 3);
INSERT INTO meeting_report (id, meeting_id, feedback, report_date, gate_result) VALUES
(RANDOM_UUID(), '00000000-0000-0002-0001-000000000003', 'More work is needed before approval.', CURRENT_DATE, 'REJECTED');

-- Meeting for a project in Gate 4, scheduled (alignment meeting)
INSERT INTO meeting (id, project_id, professor_id, schedule_date, type, status, stage_gate_number) VALUES
('00000000-0000-0002-0001-000000000004', '00000000-0000-0001-0006-000000000001', '00000000-2222-0000-0000-000000000002', DATEADD('DAY', 1, CURRENT_DATE), 'STAGE', 'SCHEDULED', 4);

-- Meeting for a project in Gate 5, canceled
INSERT INTO meeting (id, project_id, professor_id, schedule_date, type, status, stage_gate_number) VALUES
('00000000-0000-0002-0001-000000000005', '00000000-0000-0001-0007-000000000002', '00000000-2222-0000-0000-000000000002', DATEADD('DAY', 2, CURRENT_DATE), 'GATE', 'CANCELLED', 5);

-- Meeting for a project in Gate 6, completed and approved, project should be completed
INSERT INTO meeting (id, project_id, professor_id, schedule_date, type, status, stage_gate_number) VALUES
('00000000-0000-0002-0001-000000000006', '00000000-0000-0001-0008-000000000003', '00000000-2222-0000-0000-000000000002', CURRENT_DATE, 'GATE', 'COMPLETED', 6);
INSERT INTO meeting_report (id, meeting_id, feedback, report_date, gate_result) VALUES
(RANDOM_UUID(), '00000000-0000-0002-0001-000000000006', 'Final gate approved. Project completed.', CURRENT_DATE, 'APPROVED');
